<?xml version="1.0" encoding="utf-8"?>
<!DOCTYPE install PUBLIC "-//Joomla! 3.1//DTD template 1.0//EN" "http://www.joomla.org/xml/dtd/2.5/template-install.dtd">
<extension version="3.2" type="template" client="site">
	<name>Scoutjoom3</name>
	<creationDate>8 April 2014</creationDate>
	<author>Scoutjoom3</author>
	<authorEmail>don@tregartha-dinnie.co.uk</authorEmail>
	<authorUrl>http://www.planetjoomla.com</authorUrl>
	<copyright>Copyright (C) 2005 - 2013 Scoutjoom3. All rights reserved.</copyright>
	<version>3.1.2</version>
	<description><![CDATA[ <h2>Scoutjoom3 Base Template - Including Bootstrap v3 Awesomeness <br/>Based on Joostrap Base template 3 </h2>]]></description>
	<files>
		<filename>component.php</filename>
		<filename>error.php</filename>
		<filename>index.php</filename>
		<filename>template_preview.png</filename>
		<filename>template_thumbnail.png</filename>
		<filename>templateDetails.xml</filename>
		<folder>css</folder>
		<folder>fields</folder>
		<folder>fonts</folder>
		<folder>functions</folder>
		<folder>html</folder>
		<folder>images</folder>
		<folder>img</folder>
		<folder>includes</folder>
		<folder>js</folder>
		<folder>language</folder>
		<folder>less</folder>
		<folder>libraries</folder>
		<folder>media</folder>
	</files>
	<positions>
		<position>search</position>
		<position>logo</position>
		<position>menu</position>
		<position>mob-menu-above</position>
		<position>mob-menu-below</position>
		<position>slideshow</position>
		<position>header</position>
		<position>top</position>
		<position>breadcrumbs</position>
		<position>above-content</position>
		<position>below-content</position>
		<position>left</position>
		<position>right</position>
		<position>bottom</position>
		<position>footer</position>
		<position>disclaimer</position>
		<position>login</position>
		<position>debug</position>
	</positions>
	<languages folder="language">
		<language tag="en-GB">en-GB/en-GB.tpl_scoutjoom3.ini</language>
		<language tag="en-GB">en-GB/en-GB.tpl_scoutjoom3.sys.ini</language>
	</languages>
	<updateservers>
		<server
			type="extension"
			priority="1"
			name="Corporate Template Updates"><![CDATA[http://www.scoutjoom3.com/index.php?option=com_ars&view=update&task=stream&format=xml&id=4]]>
		</server>
	</updateservers>
	<config>
		<fields name="params">
			<fieldset name="Scoutjoom3_TEMPLATECOLORS" addfieldpath="/templates/scoutjoom3/admin/elements">
				<field name="templateStyle" type="list" default="1" label="TPL_SCOUTJOOM3_TEMPLATECOLOR_LABEL" description="TPL_SCOUTJOOM3_TEMPLATECOLOR_DESC">
					<option value="1">TPL_SCOUTJOOM3_OPTION_STYLE1</option>
					<option value="2">TPL_SCOUTJOOM3_OPTION_STYLE2</option>
					<option value="3">TPL_SCOUTJOOM3_OPTION_STYLE3</option>
					<option value="4">TPL_SCOUTJOOM3_OPTION_STYLE4</option>
					<option value="5">TPL_SCOUTJOOM3_OPTION_STYLE5</option>
					<option value="6">TPL_SCOUTJOOM3_OPTION_STYLE6</option>
					<option value="7">TPL_SCOUTJOOM3_OPTION_STYLE7</option>
					<option value="8">TPL_SCOUTJOOM3_OPTION_STYLE8</option>
				</field>
			</fieldset>
			
			
			<fieldset name="scoutjoom3_LOGOAREA" addfieldpath="/templates/scoutjoom3/admin/elements">	
				<field name="logoFile" class="" type="media" default="" label="TPL_SCOUTJOOM3_LOGO_LABEL" description="TPL_SCOUTJOOM3_LOGO_DESC" />	
				<field name="logoMarginTop" type="text" class="input-small" default="60" label="TPL_SCOUTJOOM3_LOGOMARGIN_TOP_LABEL" description="TPL_SCOUTJOOM3_LOGOMARGIN_TOP_DESC" />	
				<field name="logoMarginBottom" type="text" class="input-small" default="55" label="TPL_SCOUTJOOM3_LOGOMARGIN_BOTTOM_LABEL" description="TPL_SCOUTJOOM3_LOGOMARGIN_BOTTOM_DESC" />			
				<field name="sitetitle"  class="" type="text" default="" label="TPL_SCOUTJOOM3_TEMPLATETITLE_LABEL" description="JFIELD_ALT_PAGE_TITLE_LABEL" filter="string" />
				<field name="sitedescription"  class="" type="text" default="" label="TPL_SCOUTJOOM3_TEMPLATE_DESC_LABEL" description="JGLOBAL_SUBHEADING_DESC" filter="string" />	
				<field
					name="css_style"
					type="tplasset"
					asset="admin/style.css"
				/>
				<field
					name="js_color"
					type="tplasset"
					asset="admin/color.js"
				/>	
			</fieldset>
			<fieldset name="scoutjoom3_FONTS">	
				<field name="googleFonts" type="radio" class="btn-group" default="0" label="TPL_SCOUTJOOM3_GFONTS_LABEL" description="TPL_SCOUTJOOM3_GFONTS_DESC">
					<option value="1">JYES</option>
					<option value="0">JNO</option>
				</field>
				<field name="googleFontName" type="text" class="" default="" label="TPL_SCOUTJOOM3_FONT_NAME_LABEL" description="TPL_SCOUTJOOM3_FONT_NAME_DESC" />
				<field name="googleFontSelectors" type="textarea" class="" default="" label="TPL_SCOUTJOOM3_GFONTS_SELECTORS_LABEL" description="TPL_SCOUTJOOM3_GFONTS_SELECTORS_DESC" rows="4" columns="30" filter="raw" />	
				<field name="googleFontsSecond" type="radio" class="btn-group" default="0" label="TPL_SCOUTJOOM3_GFONTS_LABEL" description="TPL_SCOUTJOOM3_GFONTS_DESC">
					<option value="1">JYES</option>
					<option value="0">JNO</option>
				</field>
				<field name="googleFontNameSecond" type="text" class="" default="" label="TPL_SCOUTJOOM3_FONT_NAME_LABEL" description="TPL_SCOUTJOOM3_FONT_NAME_DESC" />
				<field name="googleFontSelectorsSecond" type="textarea" class="" default="" label="TPL_SCOUTJOOM3_GFONTS_SELECTORS_LABEL" description="TPL_SCOUTJOOM3_GFONTS_SELECTORS_DESC" rows="4" columns="30" filter="raw" />			
			</fieldset>		
			<fieldset name="scoutjoom3_MODULES">
				<field name="sidebarLeftWidth" type="list" default="4" label="Left Sidebar (Width)" description="TPL_SCOUTJOOM3_SIDEBAR_LEFT_WIDTH_DESC">
					<option value="2">TPL_SCOUTJOOM3_OPTION_SIDEBAR_LEFT_SPAN2</option>
					<option value="3">TPL_SCOUTJOOM3_OPTION_SIDEBAR_LEFT_SPAN3</option>
					<option value="4">TPL_SCOUTJOOM3_OPTION_SIDEBAR_LEFT_SPAN4</option>
					<option value="5">TPL_SCOUTJOOM3_OPTION_SIDEBAR_LEFT_SPAN5</option>
				</field>		
				<field name="sidebarRightWidth" type="list" default="4" label="Right Sidebar (Width)" description="TPL_SCOUTJOOM3_SIDEBAR_RIGHT_WIDTH_DESC">
					<option value="2">TPL_SCOUTJOOM3_OPTION_SIDEBAR_RIGHT_SPAN2</option>
					<option value="3">TPL_SCOUTJOOM3_OPTION_SIDEBAR_RIGHT_SPAN3</option>
					<option value="4">TPL_SCOUTJOOM3_OPTION_SIDEBAR_RIGHT_SPAN4</option>
					<option value="5">TPL_SCOUTJOOM3_OPTION_SIDEBAR_RIGHT_SPAN5</option>
					<option value="6">TPL_SCOUTJOOM3_OPTION_SIDEBAR_RIGHT_SPAN6</option>
				</field>		
			</fieldset>
			<fieldset name="scoutjoom3_LOGOAREA" addfieldpath="/templates/scoutjoom3/fields">
				<field
					name="logoFile"
					class=""
					type="media"
					default=""
					label="TPL_SCOUTJOOM3_LOGO_LABEL"
					description="TPL_SCOUTJOOM3_LOGO_DESC"
				/>
				<field
					name="logoMarginTop"
					type="text"
					class="input-small"
					default="0"
					label="TPL_SCOUTJOOM3_LOGOMARGIN_TOP_LABEL"
					description="TPL_SCOUTJOOM3_LOGOMARGIN_TOP_DESC"
				/>
				<field
					name="logoMarginBottom"
					type="text"
					class="input-small"
					default="0"
					label="TPL_SCOUTJOOM3_LOGOMARGIN_BOTTOM_LABEL"
					description="TPL_SCOUTJOOM3_LOGOMARGIN_BOTTOM_DESC"
				/>
				<field
					name="sitetitle"
					class=""
					type="text"
					default="Your Logo"
					label="TPL_SCOUTJOOM3_TEMPLATETITLE_LABEL"
					description="JFIELD_ALT_PAGE_TITLE_LABEL"
					filter="string"
				/>
				<field
					name="sitedescription"
					class=""
					type="text"
					default=""
					label="TPL_SCOUTJOOM3_TEMPLATE_DESC_LABEL"
					description="JGLOBAL_SUBHEADING_DESC"
					filter="string"
				/>
				<field
					name="css_style"
					type="tplasset"
					asset="admin/style.css"
				/>
				<field
					name="js_color"
					type="tplasset"
					asset="admin/color.js"
				/>
			</fieldset>
			<fieldset name="scoutjoom3_MODULES">
				<field
					name="sidebarLeftWidth"
					type="list"
					default="4"
					label="Left Sidebar (Width)"
					description="TPL_SCOUTJOOM3_SIDEBAR_LEFT_WIDTH_DESC"
					>
						<option value="2">TPL_SCOUTJOOM3_OPTION_SIDEBAR_LEFT_SPAN2</option>
						<option value="3">TPL_SCOUTJOOM3_OPTION_SIDEBAR_LEFT_SPAN3</option>
						<option value="4">TPL_SCOUTJOOM3_OPTION_SIDEBAR_LEFT_SPAN4</option>
						<option value="5">TPL_SCOUTJOOM3_OPTION_SIDEBAR_LEFT_SPAN5</option>
				</field>
				<field
					name="sidebarRightWidth"
					type="list"
					default="4"
					label="Right Sidebar (Width)"
					description="TPL_SCOUTJOOM3_SIDEBAR_RIGHT_WIDTH_DESC"
					>
						<option value="2">TPL_SCOUTJOOM3_OPTION_SIDEBAR_RIGHT_SPAN2</option>
						<option value="3">TPL_SCOUTJOOM3_OPTION_SIDEBAR_RIGHT_SPAN3</option>
						<option value="4">TPL_SCOUTJOOM3_OPTION_SIDEBAR_RIGHT_SPAN4</option>
						<option value="5">TPL_SCOUTJOOM3_OPTION_SIDEBAR_RIGHT_SPAN5</option>
						<option value="6">TPL_SCOUTJOOM3_OPTION_SIDEBAR_RIGHT_SPAN6</option>
				</field>
			</fieldset>
			
			<fieldset name="scoutjoom3_OFFCANVASS">
				<field name="note13" type="note" class="alert alert-success" label="How do I use this option?" description="This option is used for adding icons to the top of the slide out off canvass menu in mobile view.
				&lt;br&gt;For the icon class, we suggest using &lt;a href=&quot;http:&#47;&#47;fontawesome.io/icons/&quot;&gt;fontawesome.io/icons/&lt;&#47;a&gt; which is already baked into this template. " />
				<field
					name="icon1"
					type="text"
					class=""
					default="fa fa-home"
					label="TPL_SCOUTJOOM3_ICON1_LABEL"
					description="TPL_SCOUTJOOM3_ICON1_DESC"
				/>
				<field
					name="icon2"
					type="text"
					class=""
					default=""
					label="TPL_SCOUTJOOM3_ICON2_LABEL"
					description="TPL_SCOUTJOOM3_ICON2_DESC"
				/>
				<field
					name="icon2url"
					type="text"
					class=""
					default=""
					label="TPL_SCOUTJOOM3_ICON2URL_LABEL"
					description="TPL_SCOUTJOOM3_ICON2URL_DESC"
				/>
				<field
					name="icon3"
					type="text"
					class=""
					default=""
					label="TPL_SCOUTJOOM3_ICON3_LABEL"
					description="TPL_SCOUTJOOM3_ICON3_DESC"
				/>
				<field
					name="icon3url"
					type="text"
					class=""
					default=""
					label="TPL_SCOUTJOOM3_ICON3URL_LABEL"
					description="TPL_SCOUTJOOM3_ICON3URL_DESC"
				/>
				<field
					name="icon4"
					type="text"
					class=""
					default=""
					label="TPL_SCOUTJOOM3_ICON4_LABEL"
					description="TPL_SCOUTJOOM3_ICON4_DESC"
				/>
				<field
					name="icon4url"
					type="text"
					class=""
					default=""
					label="TPL_SCOUTJOOM3_ICON4URL_LABEL"
					description="TPL_SCOUTJOOM3_ICON4URL_DESC"
				/>
				<field
					name="icon5"
					type="text"
					class=""
					default=""
					label="TPL_SCOUTJOOM3_ICON5_LABEL"
					description="TPL_SCOUTJOOM3_ICON5_DESC"
				/>
				<field
					name="icon5url"
					type="text"
					class=""
					default=""
					label="TPL_SCOUTJOOM3_ICON5URL_LABEL"
					description="TPL_SCOUTJOOM3_ICON5URL_DESC"
				/>
				<field
					name="icon6"
					type="text"
					class=""
					default="fa fa-times-circle-o"
					label="TPL_SCOUTJOOM3_ICON6_LABEL"
					description="TPL_SCOUTJOOM3_ICON6_DESC"
				/>
			</fieldset>

			<fieldset name="scoutjoom3_COLORS" addfieldpath="/templates/scoutjoom3/fields">
				<field
					name="color1_enabled"
					type="radio"
					class="btn-group color-enabler"
					data-enable="color1_field"
					default="0"
					label="TPL_SCOUTJOOM3_COLOR1_ENABLED_LABEL"
					description="TPL_SCOUTJOOM3_COLOR_ENABLED_DESC"
					>
						<option value="1">JYES</option>
						<option value="0">JNO</option>
				</field>
				<field
					name="color1_code"
					type="color"
					label="TPL_SCOUTJOOM3_COLOR1_CODE_LABEL"
					description="TPL_SCOUTJOOM3_COLOR_CODE_DESC"
				/>
				<field
					name="color1_selector"
					type="textarea"
					rows="4"
					columns="30"
					label="TPL_SCOUTJOOM3_COLOR1_SELECTOR_LABEL"
					description="TPL_SCOUTJOOM3_COLOR_SELECTOR_DESC"
				/>
				<field
					name="color1_property"
					type="textarea"
					rows="4"
					columns="30"
					default="color: {color};"
					label="TPL_SCOUTJOOM3_COLOR1_PROPERTY_LABEL"
					description="TPL_SCOUTJOOM3_COLOR_PROPERTY_DESC"
				/>
				<field
					name="color2_enabled"
					type="radio"
					class="btn-group color-enabler"
					default="0"
					label="TPL_SCOUTJOOM3_COLOR2_ENABLED_LABEL"
					description="TPL_SCOUTJOOM3_COLOR_ENABLED_DESC"
					>
						<option value="1">JYES</option>
						<option value="0">JNO</option>
				</field>
				<field
					name="color2_code"
					type="color"
					label="TPL_SCOUTJOOM3_COLOR2_CODE_LABEL"
					description="TPL_SCOUTJOOM3_COLOR_CODE_DESC"
				/>
				<field
					name="color2_selector"
					type="textarea"
					rows="4"
					columns="30"
					label="TPL_SCOUTJOOM3_COLOR2_SELECTOR_LABEL"
					description="TPL_SCOUTJOOM3_COLOR_SELECTOR_DESC"
				/>
				<field
					name="color2_property"
					type="textarea"
					rows="4"
					columns="30"
					default="color: {color};"
					label="TPL_SCOUTJOOM3_COLOR2_PROPERTY_LABEL"
					description="TPL_SCOUTJOOM3_COLOR_PROPERTY_DESC"
				/>
				<field
					name="color3_enabled"
					type="radio"
					class="btn-group color-enabler"
					default="0"
					label="TPL_SCOUTJOOM3_COLOR3_ENABLED_LABEL"
					description="TPL_SCOUTJOOM3_COLOR_ENABLED_DESC"
					>
						<option value="1">JYES</option>
						<option value="0">JNO</option>
				</field>
				<field
					name="color3_code"
					type="color"
					label="TPL_SCOUTJOOM3_COLOR3_CODE_LABEL"
					description="TPL_SCOUTJOOM3_COLOR_CODE_DESC"
				/>
				<field
					name="color3_selector"
					type="textarea"
					rows="4"
					columns="30"
					label="TPL_SCOUTJOOM3_COLOR3_SELECTOR_LABEL"
					description="TPL_SCOUTJOOM3_COLOR_SELECTOR_DESC"
				/>
				<field
					name="color3_property"
					type="textarea"
					rows="4"
					columns="30"
					default="color: {color};"
					label="TPL_SCOUTJOOM3_COLOR1_PROPERTY_LABEL"
					description="TPL_SCOUTJOOM3_COLOR_PROPERTY_DESC"
				/>
				<field
					name="color4_enabled"
					type="radio"
					class="btn-group color-enabler"
					default="0"
					label="TPL_SCOUTJOOM3_COLOR4_ENABLED_LABEL"
					description="TPL_SCOUTJOOM3_COLOR_ENABLED_DESC"
					>
						<option value="1">JYES</option>
						<option value="0">JNO</option>
				</field>
				<field
					name="color4_code"
					type="color"
					label="TPL_SCOUTJOOM3_COLOR4_CODE_LABEL"
					description="TPL_SCOUTJOOM3_COLOR_CODE_DESC"
				/>
				<field
					name="color4_selector"
					type="textarea"
					rows="4"
					columns="30"
					label="TPL_SCOUTJOOM3_COLOR4_SELECTOR_LABEL"
					description="TPL_SCOUTJOOM3_COLOR_SELECTOR_DESC"
				/>
				<field
					name="color4_property"
					type="textarea"
					rows="4"
					columns="30"
					default="color: {color};"
					label="TPL_SCOUTJOOM3_COLOR1_PROPERTY_LABEL"
					description="TPL_SCOUTJOOM3_COLOR_PROPERTY_DESC"
				/>
				<field
					name="color5_enabled"
					type="radio"
					class="btn-group color-enabler"
					default="0"
					label="TPL_SCOUTJOOM3_COLOR5_ENABLED_LABEL"
					description="TPL_SCOUTJOOM3_COLOR_ENABLED_DESC"
					>
						<option value="1">JYES</option>
						<option value="0">JNO</option>
				</field>
				<field
					name="color5_code"
					type="color"
					label="TPL_SCOUTJOOM3_COLOR5_CODE_LABEL"
					description="TPL_SCOUTJOOM3_COLOR_CODE_DESC"
				/>
				<field
					name="color5_selector"
					type="textarea"
					rows="4"
					columns="30"
					label="TPL_SCOUTJOOM3_COLOR5_SELECTOR_LABEL"
					description="TPL_SCOUTJOOM3_COLOR_SELECTOR_DESC"
				/>
				<field
					name="color5_property"
					type="textarea"
					rows="4"
					columns="30"
					default="color: {color};"
					label="TPL_SCOUTJOOM3_COLOR5_PROPERTY_LABEL"
					description="TPL_SCOUTJOOM3_COLOR_PROPERTY_DESC"
				/>
			</fieldset>
			<fieldset name="scoutjoom3_FONTS">
				<field
					name="googleFonts"
					type="radio"
					class="btn-group"
					default="0"
					label="TPL_SCOUTJOOM3_GFONTS_LABEL"
					description="TPL_SCOUTJOOM3_GFONTS_DESC"
					>
						<option value="1">JYES</option>
						<option value="0">JNO</option>
				</field>
				<field
					name="googleFontName"
					type="text"
					class=""
					default=""
					label="TPL_SCOUTJOOM3_FONT_NAME_LABEL"
					description="TPL_SCOUTJOOM3_FONT_NAME_DESC"
				/>
				<field
					name="googleFontSelectors"
					type="textarea"
					class=""
					default=""
					label="TPL_SCOUTJOOM3_GFONTS_SELECTORS_LABEL"
					description="TPL_SCOUTJOOM3_GFONTS_SELECTORS_DESC"
					rows="4"
					columns="30"
					filter="raw"
				/>
				<field
					name="googleFontsSecond"
					type="radio"
					class="btn-group"
					default="0"
					label="TPL_SCOUTJOOM3_GFONTS_LABEL"
					description="TPL_SCOUTJOOM3_GFONTS_DESC"
					>
						<option value="1">JYES</option>
						<option value="0">JNO</option>
				</field>
				<field
					name="googleFontNameSecond"
					type="text"
					class=""
					default=""
					label="TPL_SCOUTJOOM3_FONT_NAME_LABEL"
					description="TPL_SCOUTJOOM3_FONT_NAME_DESC"
				/>
				<field
					name="googleFontSelectorsSecond"
					type="textarea"
					class=""
					default=""
					label="TPL_SCOUTJOOM3_GFONTS_SELECTORS_LABEL"
					description="TPL_SCOUTJOOM3_GFONTS_SELECTORS_DESC"
					rows="4"
					columns="30"
					filter="raw"
				/>
			</fieldset>

			<fieldset name="scoutjoom3_MISCELLANEOUS">
				<field
					name="setGeneratorTag"
					type="text"
					default="Joomla 3.1 - scoutjoom3 3.0 with Bootstrap 3"
					label="TPL_SCOUTJOOM3_CUSTOMIZE_METATAG_OUTPUT_LABEL"
					description="TPL_SCOUTJOOM3_CUSTOMIZE_METATAG_OUTPUT_DESC"
					size="80"
				/>
				<field
					name="frontpageshow"
					type="radio"
					class="btn-group"
					default="1"
					label="TPL_SCOUTJOOM3_FRONTPAGESHOW_LABEL"
					description="TPL_SCOUTJOOM3_FRONTPAGESHOW_DESC"
					>
						<option value="1">JYES</option>
						<option value="0">JNO</option>
				</field>
				<field
					name="templateFavicon"
					class=""
					type="media"
					default=""
					label="TPL_SCOUTJOOM3_FAVICON_LABEL"
					description="TPL_SCOUTJOOM3_FAVICON_DESC"
				/>
				<field name="toTop"
				type="radio" class="btn-group"
				default="1"
				label="TPL_SCOUTJOOM3_TOTOP_LABEL"
				description="TPL_SCOUTJOOM3_TOTOP_DESC">
					<option value="1">JYES</option>
					<option value="0">JNO</option>
				</field>
				<field
					name="copyrights"
					type="radio"
					class="btn-group"
					default="1"
					label="TPL_SCOUTJOOM3_COPYRIGHTS_LABEL"
					description="TPL_SCOUTJOOM3_COPYRIGHTS_DESC"
					>
						<option value="1">JYES</option>
						<option value="0">JNO</option>
				</field>
				<field
					name="copyrightsText"
					class=""
					type="textarea"
					default=""
					label="TPL_SCOUTJOOM3_COPYRIGHTS_TEXT_LABEL"
					rows="4"
					columns="30"
					filter="raw"
				/>
				<field
					name="googleAnalitycs"
					type="radio"
					class="btn-group"
					default="0"
					label="TPL_SCOUTJOOM3_GA_LABEL"
					description="TPL_SCOUTJOOM3_GA_DESC"
					>
						<option value="1">JYES</option>
						<option value="0">JNO</option>
				</field>
				<field
					name="googleAnalitycsCode"
					type="text"
					label="TPL_SCOUTJOOM3_GA_TCODE_LABEL"
					description="TPL_SCOUTJOOM3_GA_TCODE_DESC"
				/>
				<field
					name="fontawesomecss"
					type="radio"
					class="btn-group"
					default="1"
					label="TPL_SCOUTJOOM3_FONTAWESOMECSS_LABEL"
					description="TPL_SCOUTJOOM3_FONTAWESOMECSS_DESC"
					>
						<option value="1">JYES</option>
						<option value="0">JNO</option>
				</field>
				<field
					name="loadJquery"
					type="list"
					default="1"
					label="TPL_SCOUTJOOM3_FIELD_LOAD_JQUERY_LABEL"
					description="TPL_SCOUTJOOM3_FIELD_LOAD_JQUERY_DESC"
					>
						<option value="0">TPL_SCOUTJOOM3_LOAD_JQUERY_NOT</option>
						<option value="1">TPL_SCOUTJOOM3_LOAD_JQUERY_LOCALLY</option>
						<option value="2">TPL_SCOUTJOOM3_LOAD_JQUERY_CDN</option>
				</field>
				<field
					name="loadBootstrap"
					type="list"
					default="1"
					label="TPL_SCOUTJOOM3_FIELD_LOAD_BOOTSTRAP_LABEL"
					description="TPL_SCOUTJOOM3_FIELD_LOAD_BOOTSTRAP_DESC"
					>
						<option value="0">TPL_SCOUTJOOM3_LOAD_BOOTSTRAP_NOT</option>
						<option value="1">TPL_SCOUTJOOM3_LOAD_BOOTSTRAP_LOCALLY</option>
						<option value="2">TPL_SCOUTJOOM3_LOAD_BOOTSTRAP_CDN</option>
				</field>
				<field
					name="allowCompile"
					type="radio"
					class="btn-group"
					default="0"
					label="TPL_SCOUTJOOM3_FIELD_ALLOW_LESS_COMPILE_LABEL"
					description="TPL_SCOUTJOOM3_FIELD_ALLOW_LESS_COMPILE_DESC"
					>
						<option value="1">JYES</option>
						<option value="0">JNO</option>
				</field>
			</fieldset>
			<fieldset name="scoutjoom3_WIREFRAMING">
			<field
						name="wireframing"
						type="radio"
						class="btn-group"
						default="0"
						label="TPL_SCOUTJOOM3_WIREFRAMING_LABEL"
						description="TPL_SCOUTJOOM3_WIREFRAMING_DESC"
						>
							<option value="1">JYES</option>
							<option value="0">JNO</option>
				</field>
				<field name="note13" type="note" class="alert alert-success" label="How do I use this option?" description="Set the wireframing option to Yes and Save. This option will give you some extra CSS on the framend, whilst wireframing a client mockup. 
				&lt;br&gt;For dummy place holders or images in your Joomla articles or modules, try using &lt;a href=&quot;http:&#47;&#47;www.dummyimage.com&quot;&gt;www.dummyimage.com&lt;&#47;a&gt;
				&lt;br&gt;
				&lt;br&gt;i.e. use an image SRC with:
				&lt;br&gt;&lt;strong&gt;www.dummyimage.com&#47;600x400&#47;cccccc&#47;ffffff&amp;text=Place+Holder&lt;&#47;strong&gt;
				&lt;br&gt;
				&lt;br&gt;The above will give you a place holder image as shown below.
				&lt;br&gt;
				&lt;br&gt;&lt;img src=&quot;http:&#47;&#47;dummyimage.com&#47;600x400&#47;cccccc&#47;ffffff&amp;text=Place+Holder&quot;&gt; " />
			</fieldset>

			<fieldset name="scoutjoom3_CUSTOMCSS">
				<field
					name="customCSS"
					type="radio"
					class="btn-group"
					default="0"
					label="TPL_SCOUTJOOM3_CUSTOM_CSS_LABEL"
					description="TPL_SCOUTJOOM3_CUSTOM_CSS_DESC"
					>
						<option value="1">JYES</option>
						<option value="0">JNO</option>
				</field>
				<field
					name="customCSScode"
					class="input-xxlarge code"
					type="textarea"
					default=""
					label="TPL_SCOUTJOOM3_CUSTOM_CSS_INPUT_LABEL"
					description=""
					rows="6"
					columns="60"
					filter="raw"
				/>
			</fieldset>
			<fieldset name="scoutjoom3_SOCIAL">
				<field name="socialIcons" type="radio" class="btn-group" default="1" label="TPL_SCOUTJOOM3_SOCIAL_ICONS_LABEL" description="TPL_SCOUTJOOM3_SOCIAL_ICONS_DESC">
					<option value="1">JYES</option>
					<option value="0">JNO</option>
				</field>
				<field name="linkFacebook" type="text" default="" label="TPL_SCOUTJOOM3_FACEBOOK_LABEL" description="TPL_SCOUTJOOM3_FACEBOOK_DESC" filter="raw" />
				<field name="linkTwitter" type="text" default="" label="TPL_SCOUTJOOM3_TWITTER_LABEL" description="TPL_SCOUTJOOM3_TWITTER_DESC" filter="raw" />
				<field name="linkPinterest" type="text" default="" label="TPL_SCOUTJOOM3_PINTEREST_LABEL" description="TPL_SCOUTJOOM3_PINTEREST_DESC" filter="raw" />
				<field name="linkDribbble" type="text" default="" label="TPL_SCOUTJOOM3_DRIBBBLE_LABEL" description="TPL_SCOUTJOOM3_DRIBBBLE_DESC" filter="raw" />
				<field name="linkLinkedIn" type="text" default="" label="TPL_SCOUTJOOM3_LINKEDIN_LABEL" description="TPL_SCOUTJOOM3_LINKEDIN_DESC" filter="raw" />
				<field name="linkFlickr" type="text" default="" label="TPL_SCOUTJOOM3_FLICKR_LABEL" description="TPL_SCOUTJOOM3_FLICKR_DESC" filter="raw" />
				<field name="linkYoutube" type="text" default="" label="TPL_SCOUTJOOM3_YOUTUBE_LABEL" description="TPL_SCOUTJOOM3_YOUTUBE_DESC" filter="raw" />
				<field name="linkVimeo" type="text" default="" label="TPL_SCOUTJOOM3_VIMEO_LABEL" description="TPL_SCOUTJOOM3_VIMEO_DESC" filter="raw" />
				<field name="linkGooglePlus" type="text" default="" label="TPL_SCOUTJOOM3_GOOGLE_PLUS_LABEL" description="TPL_SCOUTJOOM3_GOOGLE_PLUS_DESC" filter="raw" />
			</fieldset>	
		</fields>
	</config>
</extension>
